#TYPE Selected.Microsoft.Exchange.Data.Directory.Management.Mailbox
"SamAccountName","PrimarySmtpAddress"
"___VMware_Conv_SA___","___VMware_Conv_SA___@tecalliance.net"
"AA","andreas.assmann@tecalliance.net"
"AAD","Annett.Adjetey@tecalliance.net"
"AAL","sales.russia@tecalliance.net"
"AB","Alexander.Bresslau@tecalliance.net"
"ABA","antonio.baltea@tecalliance.net"
"ABAC","Alexandre.Bachmair@tecalliance.net"
"abe","Andre.Berberich@tecalliance.net"
"abo","Alexandra.Bolzt@tecalliance.net"
"ABUJ","Anna.Bujnarowski@tecalliance.net"
"abuse","Abuse@tecalliance.net"
"accounting","Accounting@tecalliance.net"
"accounting_TC","accounting_TC@tecalliance.net"
"accounting_TD","accounting_TD@tecalliance.net"
"accounting_TRMI","accounting_TRMI@tecalliance.net"
"achsen","achsen@tecalliance.net"
"AD","Adam.Dyrbusch@tecalliance.net"
"ADM-AKL","ADM.AKL@tecalliance.net"
"Administrator","administrator@tecalliance.net"
"ADU","Aura.Duerr@tecalliance.net"
"AE","Anton.Eberle@tecalliance.net"
"AEC","arjen.vaneck@tecalliance.net"
"AG","Andrea.gensicke@tecalliance.net"
"AGE","Albin.Geissendoerfer@tecalliance.net"
"AGEH","Alexander.Gehrer@tecalliance.net"
"AH","Andreas.Hartl@tecalliance.net"
"AHA","Alexander.haas@tecalliance.net"
"AHAI","Alexander.Haid@tecalliance.net"
"AHAJ","alexandra.hajda@tecalliance.net"
"AHE","Anja.Helmecke@tecalliance.net"
"AJO","Annemarie.Joseph@tecalliance.net"
"AKA","Andreas.Kaczmarek@tecalliance.net"
"AKAN","Artur.Kantorovich@tecalliance.net"
"AKK","Anne-Katrin.Koenig@tecalliance.net"
"AKL","Adrian.Klimowicz@tecalliance.net"
"AKO","Ayoko.Kokodoko@tecalliance.net"
"AKR","andreas.kropp@tecalliance.net"
"AKRI","Alexander.Krickl@tecalliance.net"
"AKT","andreas.kaiser@tecalliance.net"
"AL","andreas.leuthold@tecalliance.net"
"AM","Andreas.Maurer@tecalliance.net"
"AMA","andrew.mattock@tecalliance.net"
"AME","Andreas.Meichsner@tecalliance.net"
"america_old","america_old@tecalliance.net"
"AMES","Alessandro.Messina@tecalliance.net"
"AMU","Andreas.Mular@tecalliance.net"
"AO","Anne.Oyebe@tecalliance.net"
"AOL","Antoine.Olland@tecalliance.net"
"ap","Anja.Pabst@tecalliance.net"
"AR","arkadij.ressin@tecalliance.net"
"ARE","Alexander.Reetz@tecalliance.net"
"AREI","Angelika.Reinert@tecalliance.net"
"ARI","Arthur.Riewe@tecalliance.net"
"ASE","Arthur.Selescu@tecalliance.net"
"asia_old","asia_old@tecalliance.net"
"asistencia2","asistencia@tecalliance.net"
"ASL","Alexander.Schill-Festerling@tecalliance.net"
"assistenza","assistenza@tecalliance.net"
"AST","Anca.Stefanescu@tecalliance.net"
"ASU","Alexandru.Suleap@tecalliance.net"
"AT","annabell.trapp@tecalliance.net"
"atlassian","atlassian@tecalliance.net"
"ATY","alexey.tyndyk@tecalliance.net"
"AW","alexander.wegner@tecalliance.net"
"AWE","Andreas.Wendl@tecalliance.net"
"AWI","Alexander.Witt@tecalliance.net"
"awu","Alexander.Wuensch@tecalliance.net"
"AZ","armin.zielinski@tecalliance.net"
"azubikalender","Azubikalender@tecalliance.net"
"azubisprecher","azubisprecher@tecalliance.net"
"BA","birgit.aller@tecalliance.net"
"bahn","bahn@tecalliance.net"
"baltic","baltic@tecalliance.net"
"BB","benjamin.behr@tecalliance.net"
"bbe","Birgit.Betz@tecalliance.net"
"bbo","Boris.Bopp@tecalliance.net"
"BD","Bernd.Dippel@tecalliance.net"
"bege","Benjamin.Geier@tecalliance.net"
"benelux","beneluxx@tecalliance.net"
"BF","Birgit.Fechtner@tecalliance.net"
"billing","billing@tecalliance.net"
"BI-Sales","BI-Sales@tecalliance.net"
"BK","bahri.kurum@tecalliance.net"
"BLI","beate.lippegaus@tecalliance.net"
"BM","Bryan.Marschall@tecalliance.net"
"BME","Bianka.Melzer@tecalliance.net"
"BNM","Bernd.Neumann-Mahlkau@tecalliance.net"
"Bosch-Service","Bosch-Service@tecalliance.net"
"bounce","bounce@tecalliance.net"
"bounce.mailing","Bounce.Mailing@tecalliance.net"
"BS","birgit.schiller@tecalliance.net"
"BSA","berna.sakar@tecalliance.net"
"BST","bernd.staehler@tecalliance.net"
"buerowb","WKH_Besprechungsraum_IT@tecalliance.net"
"BW","Barbara.Willeitner@tecalliance.net"
"BY","boyu.yang@tecalliance.net"
"cbe","Christian.Berdnik@tecalliance.net"
"CBEC","Christian.Becker@tecalliance.net"
"CBER","Christian.Bergmann@tecalliance.net"
"CBL","clemens.block@tecalliance.net"
"CBR","christiana.brandt@tecalliance.net"
"CD","Christian.Drexler@tecalliance.net"
"centro_mb_copy","Centro.Copy@tecalliance.net"
"CENTRO-Hotline","centro@tecalliance.net"
"centrotest","centrotest@tecalliance.net"
"CG","christian.guillou@tecalliance.net"
"CGE","Christian.Geymann@tecalliance.net"
"CGN_America","CGN_America@tecalliance.net"
"CGN_Beamer","CGN_Beamer@tecalliance.net"
"CGN_Colonia","CGN_Colonia@tecalliance.net"
"CGN_Germany","CGN_Germany@tecalliance.net"
"CGN_GF1","CGN_GF1@tecalliance.net"
"CGN_GF2","CGN_GF2@tecalliance.net"
"CGN_TrainingCenter","CGN_TrainingCenter@tecalliance.net"
"CH","Carsten.Hintz@tecalliance.net"
"changetrack","changetrack@tecalliance.net"
"CHE","Claus.Hertle@tecalliance.net"
"CJ","Chris.Jethon@tecalliance.net"
"CJU","cristina.justel@tecalliance.net"
"CK","Christiane.Kuring@tecalliance.net"
"CKA","Christina.Qader@tecalliance.net"
"CKO","Christian.Koehler@tecalliance.net"
"CKOO","Corinna.Koof@tecalliance.net"
"CKR","Christian.Krause@tecalliance.net"
"CKU","Carsten.Kuhl@tecalliance.net"
"CL","christian.lux@tecalliance.net"
"CLA","Christian.Lansche@tecalliance.net"
"ClearingSVC","clearingsvc@tecalliance.net"
"CLO","Claude.Lotrian@tecalliance.net"
"CLOT","Lotfi.Chahed@tecalliance.net"
"CLUE","christian.luedecke@tecalliance.net"
"CMIAgent","CMIAgent@tecalliance.net"
"CMU","Corinna.Muhl@tecalliance.net"
"CNH","Carlos.Nieto@tecalliance.net"
"comcenter","comcenter@tecalliance.net"
"commvault","commvault@tecalliance.net"
"CR","Carola.Roddelkopf@tecalliance.net"
"cri_tecalliance","cri@tecalliance.net"
"cri-test","cri-test@tecalliance.net"
"crmtest","crmtest@tecalliance.net"
"CS","carmen.schmidkonz@tecalliance.net"
"CSC","cord.schibille@tecalliance.net"
"CSCHW","Christoph.Schwemin@tecalliance.net"
"CSH_Sysmail","CSH_Sysmail@tecalliance.net"
"CSH_TACN_C01","CSH_TACN_C01@tecalliance.net"
"CSH_TACN_C02","CSH_TACN_C02@tecalliance.net"
"CSP","Christoph.Spang@tecalliance.net"
"CST","Carola.Stoll@tecalliance.net"
"cti-user","cti-user@tecalliance.net"
"cus1","cus1@tecalliance.net"
"cus2","cus2@tecalliance.net"
"cus3","cus3@tecalliance.net"
"cus4","cus4@tecalliance.net"
"customer.service","support.cgn@tecalliance.net"
"customer.survey","customer.survey@tecalliance.net"
"CV","cecilia.lefkes@tecalliance.net"
"CZH","Chunxiang.Zhang@tecalliance.net"
"data.package","data.package@tecalliance.net"
"data.supplier","Data.Supplier@tecalliance.net"
"data_cn","data_cn@tecalliance.net"
"dataquality","dataquality@tecalliance.net"
"Datasecurity","Datasecurity@tecalliance.net"
"dataservices","Dataservices@tecalliance.net"
"datasupplier","data-supplier-survey@tecalliance.net"
"DataSupplierMeeting","Data-Supplier-Meeting@tecalliance.net"
"data-user-survey","data-user-survey@tecalliance.net"
"daten","daten@tecalliance.net"
"dateneingang","dateneingang@tecalliance.net"
"Datenlieferungs-Edit","Datenlieferungs-Edit@tecalliance.net"
"datevdms","datevdms@tecalliance.net"
"DBAR","Dejan.Bart@tecalliance.net"
"DBAU","David.Baugh@tecalliance.net"
"dbe","Daniel.Belle@tecalliance.net"
"dbexchange","dbexchange@tecalliance.net"
"DCDC","Daniele.Cunha@tecalliance.net"
"DD","Daniel.Duennebacke@tecalliance.net"
"DDE","Dominik.Deschner@tecalliance.net"
"DEH","Dietmar.Ehehalt@tecalliance.net"
"deletedbyagent","deletedbyagent@tecalliance.net"
"deletedbyrule","deletedbyrule@tecalliance.net"
"development-tecinvoi","development-tecinvoice@tecalliance.net"
"DF","Dirk.Fabricius@tecalliance.net"
"DFL","Dieter.Fleischmann@tecalliance.net"
"DFTA","David.Torres-Andreu@tecalliance.net"
"DGH","deegeorge.hertel@tecalliance.net"
"DH","dirk.hoeher@tecalliance.net"
"DHU","Daniel.Huras@tecalliance.net"
"di","di-cockpit@tecalliance.net"
"DJU","debora.jungmann@tecalliance.net"
"DK","David.Konzack@tecalliance.net"
"DKA","Dirk.Kaupert@tecalliance.net"
"DKE","Dorothea.Keller-Spicher@tecalliance.net"
"DKO","David.Kopp@tecalliance.net"
"DLO","Dieter.Loos@tecalliance.net"
"DLR","David.Lopez-Rodriguez@tecalliance.net"
"DM","dirk.meiners@tecalliance.net"
"DMA","daniel.mannebach@tecalliance.net"
"dmmr2","DMM@tecalliance.net"
"DMMR2-CUS","DMMR2-customer-service@tecalliance.net"
"DOF","Falko.Doehler@tecalliance.net"
"DPA","Daniel.Parakenings@tecalliance.net"
"DRU","Daniela.Rumpf@tecalliance.net"
"drucker-re-c3","drucker-re-c3@tecalliance.net"
"DS","Daniel.Schmat@tecalliance.net"
"dsb","dsb@tecalliance.net"
"DSC","Daniel.Schneider@tecalliance.net"
"DSE","Daniel.Seeberger@tecalliance.net"
"DSJ","Daniel.Sjoegreen@tecalliance.net"
"DSO","damian.sokalski@tecalliance.net"
"DVA","davide.valotti@tecalliance.net"
"DW","David.Winter@tecalliance.net"
"DWI","dorothee.winterberg@tecalliance.net"
"EBR","Edina.Kleinfeld@tecalliance.net"
"EE","Elmar.Ebel@tecalliance.net"
"EG","Erik.Geerinckx@tecalliance.net"
"EGM","Eliasib.Garcia-Martin@tecalliance.net"
"EGRA","Eugen.Grabowski@tecalliance.net"
"EK","Ehsan.Khayami@tecalliance.net"
"EKO","elena.koroleva@tecalliance.net"
"entrysupply-support","EntrySupplySupport@tecalliance.net"
"ERI","Erik.Rimmasch@tecalliance.net"
"errorreport","errormessages@tecalliance.net"
"errorsvc","Error.Service@tecalliance.net"
"ES","Eduard.Samorodnytskiy@tecalliance.net"
"ESC","Elmar.Schmieg@tecalliance.net"
"exo","exo@tecalliance.net"
"EXT-ABU","Arthur.Bursy@tecalliance.net"
"EXT-AD","abdurrezzak.dogan@vodatech.com.tr"
"ext-as","Antonin.Svab@partners.tecalliance.net"
"EXT-BH","benjamin.henkel@tecalliance.net"
"EXT-BR","bruno.raise@tecalliance.net"
"EXT-CB","christian.besselmann@partners.tecalliance.net"
"EXT-DKO","Damian.Kopec@partners.tecalliance.net"
"ext-dz","Dierk.Zimmer@partners.tecalliance.net"
"EXT-EGM","EliasibGarcia.Martin@partners.tecalliance.net"
"ext-emus","Erika.Mustermann@tecalliance.net"
"EXT-EO","Emre.Ozil@partners.tecalliance.net"
"EXT-EP","Eros.Pagani@tecalliance.net"
"EXT-EPET","Eric.Peters@tecalliance.net"
"EXT-ES","Enrico.Seelk@partners.tecalliance.net"
"EXT-GBE","Gabor.Berend@partners.tecalliance.net"
"EXT-GLO","Gennadiy.Lokhov@tecalliance.net"
"ext-gsc","Gregor.Schwarzfischer@tecalliance.net"
"EXT-GST","Giuseppina.Stanzione@partners.tecalliance.net"
"EXT-GV","Georg.Volker@partners.tecalliance.net"
"EXT-HMUS","Hans.Mustermann@tecalliance.net"
"EXT-JE","joerg.eckhardt@tecalliance.net"
"EXT-LE","Luca.Erra@partners.tecalliance.net"
"EXT-MBA","Matthias.Bauch@tecalliance.net"
"EXT-MHOC","martin.hockemeyer@tecalliance.net"
"EXT-MM","monji.midani@partners.tecalliance.net"
"EXT-MMI","massimo.mistretta@tecalliance.net"
"ext-ms","Michal.Strnad@partners.tecalliance.net"
"ext-mt","Maria.Tresserras@partners.tecalliance.net"
"ext-nst","Niklas.Stoegbauer@partners.tecalliance.net"
"EXT-ODH","OliverDelgado.Hernandez@tecalliance.net"
"EXT-PE","pavel.ezhov@tecalliance.net"
"EXT-PEL","pauline.eloff@partners.tecalliance.net"
"EXT-PK","Peter.Kaliba@tecalliance.net"
"EXT-RC","r.cizevskis@tecalliance.net"
"EXT-RKO","Robert.Konopka@tecalliance.net"
"EXT-RS","Rudolf.Seethaler@partners.tecalliance.net"
"ext-rta","Roger.Taube@partners.tecalliance.net"
"EXT-SA","Sascha.Alex@partners.tecalliance.net"
"ext-sab","Sara.Abril@partners.tecalliance.net"
"EXT-SG","silke.graeder@tecalliance.net"
"EXT-SGE","sergey.gerasimov@tecalliance.net"
"EXT-SL","Silvia.Gimeno.Ledo@partners.tecalliance.net"
"EXT-SMEH","sabine.mehlstaeubl@partners.tecalliance.net"
"ext-sw","Stefan.Watzenberger@partners.tecalliance.net"
"EXT-TJM","Thomas-John.Martin@partners.tecalliance.net"
"ext-TUN","Tim.Underwood@partners.tecalliance.net"
"EXT-YCG","yesica.castaneda.garcia@mxsoft.es"
"EZV","elizaveta.zvonetskaya@tecalliance.net"
"fax","fax@tecalliance.net"
"faxstatus","faxstatus@tecalliance.net"
"FBR","Frank.Braun@tecalliance.net"
"FDE","Fabian.Derr@tecalliance.net"
"FG","Fabrizio.Giannelli@tecalliance.net"
"finance","finance@tecalliance.net"
"FLA","Fabian.Laug@tecalliance.net"
"FLE","frank.leschonski@tecalliance.net"
"flinkster","flinkster@tecalliance.net"
"flipchart","flipchart@tecalliance.net"
"flug","flug@tecalliance.net"
"FM","Fernando.Murguia@tecalliance.net"
"forum.tecdocpro","forum.tecdocpro@tecalliance.net"
"FPI","Fabienne.Pieler@tecalliance.net"
"FS","Florian.Schwarz@tecalliance.net"
"FSA","Frank.Sammet@tecalliance.net"
"FT","Feng.Tao@tecalliance.net"
"FZA","Fabian.Zankl@tecalliance.net"
"galsynctest1","GALSYNC.TEST1@tecalliance.net"
"galsynctest2","GALSYNC.TEST2@tecalliance.net"
"gbwareadmin","gbwareadmin@tecalliance.net"
"GE","Guelay.Erdogan@tecalliance.net"
"genmailSVC","genmailSVC@tecalliance.net"
"GER","Rainer.Gerlinger@tecalliance.net"
"germanwings","germanwings@tecalliance.net"
"GHE","Guido.Hengelhaupt@tecalliance.net"
"GIB","George-Ioan.Burciu@tecalliance.net"
"GKA","Georg.Karapetjan@tecalliance.net"
"GKAY","gunda.kayser@tecalliance.net"
"GLE","giuseppe.lettere@tecalliance.net"
"GM","gitta.marquardt@tecalliance.net"
"GMI","Georg.Mieling@tecalliance.net"
"gotomeeting","gotomeeting@tecalliance.net"
"GP","Georg.Popp@tecalliance.net"
"Grillplatz","Grillplatz@tecalliance.net"
"GSP","Georg.Speth@tecalliance.net"
"GW","Gerald.Wildmoser@tecalliance.net"
"GWA","Georg.Walter@tecalliance.net"
"HC","HaoCong.Cui@tecalliance.net"
"HD","huriye.dogan@tecalliance.net"
"helpdeskaudacon","helpdesk@tecalliance.net"
"HF","helmut.fries@tecalliance.net"
"HFR","Hayo.Fricke@tecalliance.net"
"HHA","hubert.hamacher@tecalliance.net"
"HI","hakan.itak@tecalliance.net"
"HJR","Hans-Joachim.Rupp@tecalliance.net"
"HJS","Hans-Juergen.Schweikart@tecalliance.net"
"HKO","Helge.Koehling@tecalliance.net"
"HKR","Hannelore.Diertl-Deskovic@tecalliance.net"
"HL","hartmut.lorenz@tecalliance.net"
"HLE","Heiko.Leuf@tecalliance.net"
"HLI","heinz-joachim.liesenfeld@tecalliance.net"
"HM","Hubert.Maksymiec@tecalliance.net"
"HMO","Heloisa.Monzani@tecalliance.net"
"HOA","Annett.Hoerner@tecalliance.net"
"hotel","hotel@tecalliance.net"
"HotlineIncoming","HotlineIncoming@tecalliance.net"
"HR","people-organisation@tecalliance.net"
"HS","holger.spelter@tecalliance.net"
"HSO","Helen.Solomon@tecalliance.net"
"HW-Reservation_WKH","HW-Reservation_WKH@tecalliance.net"
"IAL","Imad.Al-Layla@tecalliance.net"
"IALM","Isabelle.Almeida-da-Silva-Haun@tecalliance.net"
"IC","Ingrid.Chellali@tecalliance.net"
"IHA","Ingrid.Hanselmann@tecalliance.net"
"IKAL","Illia.Kalyzhniuk@tecalliance.net"
"IM","ilaria.mariani@tecalliance.net"
"IMA","Ievgen.Martynov@tecalliance.net"
"IMAR","Igor.Martchenko@tecalliance.net"
"imtecrmi","imTecRMI@tecalliance.net"
"incadea.support","incadea.support@tecalliance.net"
"info.tecdocpro","info.tecdocpro@tecalliance.net"
"info1","reception@tecalliance.net"
"info-datause","info-datauser@tecalliance.net"
"info-datsup","info-datasupplier@tecalliance.net"
"info-development","info-development@tecalliance.net"
"infoMail","InfoMail@tecalliance.net"
"info-operations","info-operations@tecalliance.net"
"info-tecdoc-prod","info-tecdoc-production@tecalliance.net"
"invoice","Invoice@tecalliance.net"
"IO","ina.oeftger@tecalliance.net"
"IS","Ilke.Sari@tecalliance.net"
"itcall","itcall@tecalliance.net"
"itcall-wkh","ITCALL.Weikersheim@tecalliance.net"
"it-op","it-op@tecalliance.net"
"IT-OP-WKH","IT-OP-WKH@tecalliance.net"
"its1","its1@tecalliance.net"
"its2","its2@tecalliance.net"
"it-security","it-security@tecalliance.net"
"IVH","Isabel.vonharling@tecalliance.net"
"IW","Isabelle.Wey@tecalliance.net"
"IWE","Irene.Weber@tecalliance.net"
"JB","juergen.buchert@tecalliance.net"
"JBS","Jonay.Braun-Suarez@tecalliance.net"
"JBUT","Jonas.Butzen@tecalliance.net"
"JC","juanra.cervantes@tecalliance.net"
"JCZ","Janine.Czerny@tecalliance.net"
"JD","jean-francis.deleau@tecalliance.net"
"JFI","Josef.Fischer@tecalliance.net"
"JFP","John.Fitzpatrick@tecalliance.net"
"JG","johannes.goetz@tecalliance.net"
"JGE","janwillem.gerth@tecalliance.net"
"JH","Julie.Hallows@tecalliance.net"
"JHE","Jonas.Heffner@tecalliance.net"
"JK","jaan.kampus@tecalliance.net"
"JKA","Joerg.Kalkes@tecalliance.net"
"JKAI","Jan.Kaibel@tecalliance.net"
"JKAIS","Johannes.Kaiser@tecalliance.net"
"jko","Jochen.Koenig@tecalliance.net"
"JKON","Jochen.Konrad@tecalliance.net"
"JKRI","Josef.Krickl@partners.tecalliance.net"
"JL","Jinglong.Liu@tecalliance.net"
"JLA","Johannes.Lakeit@tecalliance.net"
"JM","Jan.vanderMeulen@tecalliance.net"
"JMA","jason.meade@tecalliance.net"
"JME","Juergen.Mehlis@tecalliance.net"
"JMRK","Jaroslav.Markovec@tecalliance.net"
"JMU","Jacqueline.Mueller@tecalliance.net"
"JNA","Julian.Nass@tecalliance.net"
"journal","Journal.Postfach@tecalliance.net"
"JP","Jackie.Pang2@tecalliance.net"
"JPA","Jens.Paul@tecalliance.net"
"JR","julia.ruehling@tecalliance.net"
"JRE","johann.regier@tecalliance.net"
"JRI","Jonas.Rieke@tecalliance.net"
"jsc","Johann.Schneider@tecalliance.net"
"JSCH","Jens.Scherbinske@tecalliance.net"
"JSI","Jochen.Siegle@tecalliance.net"
"JST","Jens.Stoermer@tecalliance.net"
"JTB","Jule-Timo.Beck@tecalliance.net"
"JW","joerg.wollschlaeger@tecalliance.net"
"JWA","Jean-Dominique.Watelet@tecalliance.net"
"JWAH","jakob.wahlers@tecalliance.net"
"JWE","Juergen.Weiland@tecalliance.net"
"JX","jiahui.xu@tecalliance.net"
"karriere","karriere@tecalliance.net"
"KDI","Kristina.Dimitrova@tecalliance.net"
"KDR","Kristian.Dresselhaus@tecalliance.net"
"KH","Katharina.Hoffmann@tecalliance.net"
"KHE","Klaus.Hermann@tecalliance.net"
"KK","karin.koch@tecalliance.net"
"KKA","Kambiz.Kasravi@tecalliance.net"
"KKAL","Karin.Kallupp@tecalliance.net"
"KL","Kristian.Luedtke@tecalliance.net"
"KLA","Kerstin.Langohr@tecalliance.net"
"KNE","Kornel.Nemeth@tecalliance.net"
"KR","karin.schroeder@tecalliance.net"
"kriterien","GA-Criteria@tecalliance.net"
"KRO","Katja.Roesch@tecalliance.net"
"KSL_Mars","KSL_Mars@tecalliance.net"
"KT","kaya.tekin@tecalliance.net"
"KVA","Klaus.Varrentrapp@tecalliance.net"
"KZE","Kevin.Zilke@tecalliance.net"
"LB","leon.beukes@tecalliance.net"
"LBR","Larissa.Braeuninger@tecalliance.net"
"LBU","Lukas.Bube@tecalliance.net"
"LC","Luiz.Constancio@tecalliance.net"
"LFR","Linda.Fritzenschaft@tecalliance.net"
"LHE","Linda.Hess@tecalliance.net"
"LS","luise.sottile@tecalliance.net"
"LW","Loic.Winterhalter@tecalliance.net"
"lwa","Lukas.Walther@tecalliance.net"
"LWAN","Ling.Wang@tecalliance.net"
"LY","Le.Yu@tecalliance.net"
"LYA","Lei.Yang@tecalliance.net"
"LYU","Lisa.Yuan@tecalliance.net"
"LZH","Lingjiang.Zhan@tecalliance.net"
"MA","Mandy.Abilio@tecalliance.net"
"MAF","Mark.Friebus@tecalliance.net"
"mailSVC","mail.svc@tecalliance.net"
"mamu","Max.Musterman@tecalliance.net"
"marketing.ds","marketing.ds@tecalliance.net"
"marketing-info","marketing-info@tecalliance.net"
"MAS","muhammad-asif.saleem@tecalliance.net"
"MB","Marco.Bolzt@tecalliance.net"
"MBC","Maria.Behr@tecalliance.net"
"MBE","Manfred.Bernhart@tecalliance.net"
"MBI","Mirja.Bittrich@tecalliance.net"
"MC","Magdalena.Czechowska@tecalliance.net"
"MD","mario.dormann@tecalliance.net"
"MDI","Markus.Diesch@tecalliance.net"
"MDIE","Marco.Dietrich@tecalliance.net"
"MDR","Mario.Dressel@tecalliance.net"
"MDU","Masato.Duensser@tecalliance.net"
"MDUE","Monica.Duerr@tecalliance.net"
"MF","Melanie.Fuchs@tecalliance.net"
"MFL","Misael.Flores@tecalliance.net"
"MFR","Matthias.Freitag@tecalliance.net"
"MG","michael.geschke@tecalliance.net"
"mgh-ta100","CGN_PoolfahrzeugSkodaSuperbK-TA2014@tecalliance.net"
"MGI","MagdalenaAnna.Giesa@tecalliance.net"
"MGN","Monika.Majer@tecalliance.net"
"MGO","Marcel.Smit@tecalliance.net"
"MGR","Michael.Grund@tecalliance.net"
"MGRE","Mario.Gregor@tecalliance.net"
"MGRO","Mario.Gross@tecalliance.net"
"MGU","Michael.Gutierrez@tecalliance.net"
"MH","markus.hoeck@tecalliance.net"
"MHA","Manuela.Haun@tecalliance.net"
"MHE","Marcus.Heller@tecalliance.net"
"MHI","Marta.Hinojosa@tecalliance.net"
"MHO","Mark.Hoffmann@tecalliance.net"
"MHU","Maria.Huynh@tecalliance.net"
"midiasocial.br","midiasocial.br@tecalliance.net"
"migrazioneweb","migrazioneweb@tecalliance.net"
"MIS","Marcus.Israel@tecalliance.net"
"MJO","Marc-David.Johne@tecalliance.net"
"MK","Martin.Kita@tecalliance.net"
"MKE","Michaela.Keidel@tecalliance.net"
"MKN","maximilian.knipfer@tecalliance.net"
"MKO","mi-jung.kong@tecalliance.net"
"MKR","Martin.Kreusser@tecalliance.net"
"MKRE","Michael.Kretzschmar@tecalliance.net"
"ML","Manfred.Lechner@tecalliance.net"
"MLA","Marina.Lang@tecalliance.net"
"MLOK","Marc.Lokotsch@tecalliance.net"
"MM","Matthias.Moritz@tecalliance.net"
"MMA","Michael.Malandra@tecalliance.net"
"MMAH","Moritz.Mahler@tecalliance.net"
"MMAL","Marcus.Maleck@tecalliance.net"
"MMAT","Michael.Matthes@tecalliance.net"
"MMO","Marco.Monsees@tecalliance.net"
"MMU","Marco.Mueller@tecalliance.net"
"MNE","Maik.Neumann@tecalliance.net"
"MO","mohammed.ouomar@tecalliance.net"
"MOB","markus.oberbanscheidt@tecalliance.net"
"mobile","mobile@tecalliance.net"
"MOBS","Matthias.Obst@tecalliance.net"
"moss_reports","moss_reports@tecalliance.net"
"motoren","motoren@tecalliance.net"
"MP","mehdi.parvaresh@tecalliance.net"
"MPA","Maria.Paul@tecalliance.net"
"MPE","Manuel.Peniker@tecalliance.net"
"MR","marvin.richter@tecalliance.net"
"MRA","marcus.radeke@tecalliance.net"
"MRAM","Marco.Ramackers@tecalliance.net"
"MRAP","Manuel.Rappold@tecalliance.net"
"MRIE","Maximilian.Ries@tecalliance.net"
"MRO","Markus.Romanovszky@tecalliance.net"
"MS","Madeleine.Schmat@tecalliance.net"
"MSC","Marina.Schmid@tecalliance.net"
"MSCH","Marcel.Schmitt@tecalliance.net"
"mse","Marco.Seubert@tecalliance.net"
"MSEE","Mirko.Seebruch@tecalliance.net"
"MSL","michael.sluyterman@tecalliance.net"
"MSMEODUser","MSMEODUser@tecalliance.net"
"MST","Michael.Starck@tecalliance.net"
"msu","Marco.Suttner@tecalliance.net"
"MSW","marek.swadzba@tecalliance.net"
"MT","Marcel.Tschillaev@tecalliance.net"
"MU","markus.unkhoff@tecalliance.net"
"MUC_America","america@tecalliance.net"
"MUC_Asia","asia@tecalliance.net"
"MUC_Beamer","MUC_Beamer@tecalliance.net"
"MUC_Brazil","MUC_Brazil@tecalliance.net"
"MUC_Europe","europe@tecalliance.net"
"MUC_LogitechPresente","MUC_LogitechPresente@tecalliance.net"
"MUC_Navi","MUC_Navi@tecalliance.net"
"MUC_Office_BNM","office_bnm@tecalliance.net"
"MUC_Office_JB","MUC_Office_JB@tecalliance.net"
"MUC_Office_NWE","office_un@tecalliance.net"
"MUC_Office_RS","office_rs@tecalliance.net"
"MUC_Office_SMX","office_smx@tecalliance.net"
"MUC_TelCo_777","telco_777@tecalliance.net"
"MUC_TelCo_778","telco_778@tecalliance.net"
"MUC_TelCo_779","telco_779@tecalliance.net"
"muc_togo","Togo@tecalliance.net"
"MUC_USA","MUC_USA@tecalliance.net"
"MUM","Michel.Muller@tecalliance.net"
"MV","marco.varela@tecalliance.net"
"MVO","Michael.Vogt@tecalliance.net"
"MW","marc.wegner2@tecalliance.net"
"MWE","Marius.Wessel@tecalliance.net"
"MWI","Marion.Wilkening@tecalliance.net"
"MWN","Marcin.Wnykowicz@tecalliance.net"
"mx_support","mx_support@tecalliance.net"
"MXU","Minghai.Xu@tecalliance.net"
"MZE","Madeleine.Zegowitz@tecalliance.net"
"nagios","NagiosWMIChecks@tecalliance.net"
"NBR","Norbert.Broese@tecalliance.net"
"NBRE","Norbert.Breunig@tecalliance.net"
"ND","noel.deely@tecalliance.net"
"netphone","netphone@tecalliance.net"
"newsletter-test","Newsletter.Test@tecalliance.net"
"NF","Norbert.Finkel@tecalliance.net"
"NFR","Nicole.Freitag@tecalliance.net"
"NG","Nikolaus.Gangl@tecalliance.net"
"NKUZ","Natalia.Kuzmina@tecalliance.net"
"nkw2","nkw@tecalliance.net"
"NM","Nadine.Maetzsch@tecalliance.net"
"noreply","noreply@tecalliance.net"
"noreply_cn","noreply_cn@tecalliance.net"
"NQ","phuoc.quach@tecalliance.net"
"NRO","Norman.Roth@tecalliance.net"
"NS","Nadine.Stricker@tecalliance.net"
"NSC","Nick.Schwarz@tecalliance.net"
"NSV","Natalia.Svyatyna@tecalliance.net"
"NV","Nina.Vitkovska@tecalliance.net"
"NW","Nancy.Wang@tecalliance.net"
"NWE","Nadja.Well@tecalliance.net"
"OAM","Oscar.Andreu-Martinez@tecalliance.net"
"ODH","Oliver.Delgado-Hernandez@tecalliance.net"
"OH","Ovidiu.Hahn@tecalliance.net"
"OP","Olivier.Pjanic@tecalliance.net"
"operations-tecinvoic","operations-tecinvoice@tecalliance.net"
"ordercore_test","ordercore_test@tecalliance.net"
"OSC","Oliver.Marienfeld@tecalliance.net"
"otrs.bereitschaft","otrs.bereitschaft@tecalliance.net"
"otrs-dev","otrs-dev@tecalliance.net"
"owak","Omid.Wakil@tecalliance.net"
"PB","pedro.barros@tecalliance.net"
"PBA","peter.bali@tecalliance.net"
"PEHA","Peter.Haas@tecalliance.net"
"PF","Puyang.Fu@tecalliance.net"
"PFE","Patrick.Federau@tecalliance.net"
"PG","patrik.guldimann@tecalliance.net"
"PH","Peter.Hollowood@tecalliance.net"
"PHA","pia.harbo@tecalliance.net"
"PHE","Paul.Hensinger@tecalliance.net"
"PHEN","Patrick.Henkelmann@tecalliance.net"
"pilot.service","pilot.service@tecalliance.net"
"PK","Philipp.Kaestele@tecalliance.net"
"PKO","Peter.Konrath@tecalliance.net"
"pkw2","pkw@tecalliance.net"
"PMAJ","Peter.Majer@tecalliance.net"
"pmdr2","pmdr2@tecalliance.net"
"PMG","Pedro.Martin-Gomez@tecalliance.net"
"poolfzgskodasuperb01","WKH_PoolfahrzeugSkodaSuperbMGH-TA111@tecalliance.net"
"PoolfzgVolvo01","WKH_PoolfahrzeugVolvo.M-T3226@tecalliance.net"
"poolfzgvwbus","PoolfahrzeugVWBus@tecalliance.net"
"poolfzgvwgolf","poolfzgvwgolf@tecalliance.net"
"Pop-UpDisplay","Pop-UpDisplay@tecalliance.net"
"portalagent","portalagent@tecalliance.net"
"postmaster","postmaster@tecalliance.net"
"PP","Petra.Pfanzelt@tecalliance.net"
"PR","Paulo.Rodrigues@tecalliance.net"
"praktikum","praktikum@tecalliance.net"
"prodtest","prodtest@tecalliance.net"
"proinst","proinst@tecalliance.net"
"projectserver","projectserver@tecalliance.net"
"PSC","Patrick.Schrenk@tecalliance.net"
"PST","Patrick.Stalph@tecalliance.net"
"PT","Petra.Thalhofer@tecalliance.net"
"PWE","Peter.Weiss@tecalliance.net"
"PWR","patrizia.wey-russo@tecalliance.net"
"QAPool01","QAPool01@tecalliance.net"
"QAPool02","QAPool02@tecalliance.net"
"QAPool03","QAPool03@tecalliance.net"
"QAPool04","QAPool04@tecalliance.net"
"QHU","Qinlong.Hu@tecalliance.net"
"QL","Qingxian.LI@tecalliance.net"
"raum-admin","Raum-Admin@tecalliance.net"
"RB","Roland.Badura@tecalliance.net"
"rba","Riccardo.Batisti@tecalliance.net"
"RBE","Ricke.Berthet@tecalliance.net"
"RBO","Reiko.Boehme@tecalliance.net"
"reception","reception@tec.dom"
"recruitment","recruitment@tecalliance.net"
"reference.data","reference.data@tecalliance.net"
"registeradmin","registeradmin@tecalliance.net"
"registration","Registration@tecdoc.net"
"reisekosten","reisekosten@tecalliance.net"
"Reisekosten_MUC","Reisekosten@teccom.de"
"reminder","reminder@tecalliance.net"
"rentalcar","rentalcar@tec.dom"
"RF","Ralf.Figiel@tecalliance.net"
"RG","Roland.Gebhardt@tecalliance.net"
"RGA","roberto.gaspar@tecalliance.net"
"RHE","Rudi.Heinrich@tecalliance.net"
"RK","Robert.Kruize@tecalliance.net"
"RKA","Ralph.Kaufmann@tecalliance.net"
"RKE","Ralf.Kerbaum@tecalliance.net"
"RL","ralf.lippegaus@tecalliance.net"
"RMA","Richard.Marx@tecalliance.net"
"RME","Ronald.Merten@tecalliance.net"
"RMUE","Roman.Mueller@tecalliance.net"
"RO","regina.orth@tecalliance.net"
"ROMU","roland.mueller@tecalliance.net"
"room1","WKH_AUDIT@tecalliance.net"
"room2","WKH_EXPERT@tecalliance.net"
"room3","WKH_CLEAR@tecalliance.net"
"RP","Ruediger.Pollert@tecalliance.net"
"RPD","Raul.Perez-Duque@tecalliance.net"
"RPE","Ralf.Pelkmann@tecalliance.net"
"RPR","Rainer.Preis@tecalliance.net"
"RS","roland.steinhart@tecalliance.net"
"RSC","Rudolf.Schuster@tecalliance.net"
"RSCH","Robert.Schrader@tecalliance.net"
"RSZ","Robert.Szwed@tecalliance.net"
"RW","Robert.Weissmann@tecalliance.net"
"RZ","Roger.Zenker@tecalliance.net"
"RZE","Robert.Zebec@tecalliance.net"
"SA","Stefan.Aufderstrasse@tecalliance.net"
"SAL","Steffen.Albert@tecalliance.net"
"sale_cn","sales_cn@tecalliance.net"
"sales","sales@tecalliance.net"
"sales.africa","sales.africa@tecalliance.net"
"sales.asia","sales.asia@tecalliance.net"
"sales.aus","sales.aus@tecalliance.net"
"sales.bnl","sales.bnl@tecalliance.net"
"sales.cee","sales.cee@tecalliance.net"
"sales.dach","sales.dach@tecalliance.net"
"sales.ds","sales.ds@tecalliance.net"
"sales.ea","Sales.EA@tecalliance.net"
"sales.es","sales.es@tecalliance.net"
"sales.fr","sales.fr@tecalliance.net"
"sales.mx","sales.mx@tecalliance.net"
"sales.north","sales.north@tecalliance.net"
"sales.pl","sales.pl@tec.dom"
"sales.pt","sales.pt@tecalliance.net"
"sales.row","sales.row@tecalliance.net"
"sales.sa","sales.sa@tecalliance.net"
"sales.shop","Sales.shop@tecalliance.net"
"sales.south","sales.south@tecalliance.net"
"sales.teccom","Sales.teccom@tecalliance.net"
"sales.tecdoc","sales.tecdoc@tecalliance.net"
"Sales.TecRMI","Sales.TecRMI@tecalliance.net"
"sales.uk","sales.uk@tecalliance.net"
"sales.us","sales.us@tecalliance.net"
"sales.west","sales.west@tecalliance.net"
"sales.wkh","sales.wkh@tecalliance.net"
"SAPP","sandra.appolt@tecalliance.net"
"SAP-Services","SAP-Services@tecalliance.net"
"SAS","Stefan.Sachs@tecalliance.net"
"SB","Susana.Barros@tecalliance.net"
"SBA","Stefan.Baumann@tecalliance.net"
"SBE","Stefan.Beck@tecalliance.net"
"SBI","stefan.bier@tecalliance.net"
"SCH","Sergio.Cabrera-Hernandez@tecalliance.net"
"SD","Susann.Deisenroth@tecalliance.net"
"SDA","Siegfried.Damert@tecalliance.net"
"ServiceAlert","ServiceAlert@tecalliance.net"
"servicedesk","Service.Desk@tecalliance.net"
"SG","shaun.greasley@tecalliance.net"
"SGD","Sebastian.Gdynia@tecalliance.net"
"SGO","Sven.Goetz@tecalliance.net"
"SGR","stephan.gruenes@tecalliance.net"
"SH","Sascha.Hehn@tecalliance.net"
"sharedtest","sharedtest@tecalliance.net"
"sharepoint","sharepoint@tecalliance.net"
"sharepointinfo","sharepointinfo@tecalliance.net"
"SHE","Sebastian.Heil@tecalliance.net"
"SHER","Stefanie.Herz@tecalliance.net"
"SHU","Sabrina.Huber@tecalliance.net"
"SIK","Stefan.Ikas@tecalliance.net"
"SIW","Sinja.Weidmann@tecalliance.net"
"SK","sk@tec.dom"
"SKA","Susanne.Kalus@tecalliance.net"
"SKN","Silvia.Knorr@tecalliance.net"
"SKO","Susanne.Koennecke@tecalliance.net"
"skoda_fabia","SkodaFabia.K-TA2024@tecalliance.net"
"skoda_superb","MUC_SkodaOctaviaMGH-TA100@tecalliance.net"
"SKOE","Simon.Koetz@tecalliance.net"
"SKRE","Stefan.Kretschmann@tecalliance.net"
"SKV","sergey.korolev@tecalliance.net"
"SL","sascha.landwehr@tecalliance.net"
"SLE","Sebastian.Ley@tecalliance.net"
"SLH","susanna.luzzi-hemel@tecalliance.net"
"SLI","Sebastian.Liebsch@tecalliance.net"
"SM_8c61222ed2e54d609","DiscoverySearchMailbox{D919BA05-46A6-415f-80AD-7E09334BB852}@tec.dom"
"SMA","sven.mahlke@tecalliance.net"
"SMAE","Stefan.Maetzsch@tecalliance.net"
"SMF","Sergio.Marrero-Fernandez@tecalliance.net"
"smtp-tk","smtp-tk@tecalliance.net"
"SMX","Stefan.Marx@tecalliance.net"
"soial-media","social.media@tecalliance.net"
"soporte.mexico","Soporte.Mexico@tecalliance.net"
"SP","Sven.Pagers@tecalliance.net"
"SPA","SJ.Park@tecalliance.net"
"SR","Stefan.Richter@tecalliance.net"
"SRO","Sergej.Rotermel@tecalliance.net"
"SSC","Soeren.Schwerdtfeger@tecalliance.net"
"SSE","sabine.seide@tecalliance.net"
"SSH","Shan.Sheng@tecalliance.net"
"ssrswebaccount","ssrswebaccount@tecalliance.net"
"ssrswindowsaccount","ssrswindowsaccount@tecalliance.net"
"SSU","Savo.Sugic@tecalliance.net"
"ST","stefan.tschirge@tecalliance.net"
"STE","Sven.Tentler@tecalliance.net"
"STT","Thomas.Stolze@tecalliance.net"
"suporte.brasil","suporte.br@tecalliance.net"
"support","support_old@tecalliance.net"
"support.alert","support.alert@tecalliance.net"
"support.cz","support.cz@tecalliance.net"
"support.hu","support.hu@tecalliance.net"
"support.ibs","support.ibs@tecalliance.net"
"support.it","Support.IT@tecalliance.net"
"support.nordicbaltic","support.nordicbaltics@tecalliance.net"
"support.pl","Support.PL@tecalliance.net"
"support.ru","support.ru@tecalliance.net"
"support.sk","support.sk@tecalliance.net"
"support.tecinvoice","tecinvoice-team@tecalliance.net"
"support.tr","support.tr@tecalliance.net"
"support-spain","soporte@tecalliance.net"
"support-tecinvoice","support-tecinvoice@tecalliance.net"
"support-uk","supportuk@tecalliance.net"
"svc-bb-bes5admin","svc-bb-bes5admin@tecalliance.net"
"SVC-BB-BESAdmin","besadmin@tecalliance.net"
"SVC-BB-Impersonation","SVC-BB-Impersonation@tecalliance.net"
"svc-ci-dev","svc-ci-dev@tecalliance.net"
"svc-ciscoprime","CPI-TA@tecalliance.net"
"svc-cologne_alaaf","cologne_alaaf@tecalliance.net"
"SVC-DC-DEV-SQL","sql01.dev.cantiga@tecalliance.net"
"SVC-DC-Management-W","accountservice@tecalliance.net"
"SVC-DC-SQL","sql01.cantiga@tecalliance.net"
"SVC-DC-Staging-SQL","sql01.staging.cantiga@tecalliance.net"
"SVC-DeliveryConfigCl","svc-deliveryconfigclient@tecalliance.net"
"SVC-DI","svc-di@tecalliance.net"
"SVC-ebay-seller","ebay-seller@tecalliance.net"
"SVC-EMA","EMA.MUC@tecalliance.net"
"svc-facility","facilitymanagement@tecalliance.net"
"svc-feasts","Service.Feiertage@tecalliance.net"
"SVC-FIL-F-Delete","SVC-FIL-F-Delete@tecalliance.net"
"SVC-FIS","SVC-FIS@tecalliance.net"
"SVC-FTP-CISCOSW-F","Cisco.Backup@tecalliance.net"
"svc-galsync","svc-galsync@tecalliance.net"
"svc-mailauthuser","Mail.SVC-AuthUser@tecalliance.net"
"SVC-Marketing","newsletter@tecalliance.net"
"SVC-Nexus","Nexus@tecalliance.net"
"svc-one-team","SVC-ONE-Team@tecalliance.net"
"svc-ops-crm","svc-it-crm@tecalliance.net"
"svc-sccm2012","SystemCenter2012@tecalliance.net"
"svc-sophos","svc-sophos@tecalliance.net"
"SVC-SRS","srs@tecalliance.net"
"SVC-SwyxService","SwyxService.Account@tecalliance.net"
"SVC-TA-SonarQube","SVC-TA-SonarQube@tecalliance.net"
"svc-teccheckcopy","teccheck.Copy@tecalliance.net"
"SVC-TecWeb50","QS_TecWeb50_UserA@tecalliance.net"
"SVC-VSDummy","SVC-VSDummy@tecalliance.net"
"SW","Wolfgang.Seel@tecalliance.net"
"SWO","Stephan.Wolf@tecalliance.net"
"sy","sedat.yanikkapi@tecalliance.net"
"syslog","syslog@tecalliance.net"
"SZ","Sihan.Zeng@tecalliance.net"
"SZI","Sebastian.Zink@tecalliance.net"
"TAH","Thorsten.Ahrens@tecalliance.net"
"tasupport","support3@tecalliance.net"
"tdc","tdc@tecalliance.net"
"tdcsandbox","tdc_sandbox@tecalliance.net"
"TE","thomas.etscheid@tecalliance.net"
"tecalliance","tecalliance@tecalliance.net"
"teccheck","Tec.Check@tecalliance.net"
"teccheck-identify","Teccheck-identify@tecalliance.net"
"TecComSupport","support.muc@tecalliance.net"
"TecDoc_Format_3_Demo","TecDoc_Format_3_Demo@tecalliance.net"
"tecdoccataloguebr","tecdoccataloguebr@tecalliance.net"
"tecindentifymailbot","TecIndentifyMailbot@tecalliance.net"
"tecinvoice.noreply","TecInvoice.NoReply@tecalliance.net"
"TecInvoiceQAReset","TecInvoiceQAReset@tecalliance.net"
"TecInvoiceQAReset01","TecInvoiceQAReset.NoReply@tecalliance.net"
"TecInvoiceQAReset02","TecInvoiceQAReset.NoReply.Sender@tecalliance.net"
"TecInvoiceQAReset03","TecInvoiceQAReset.NoReply.Receiver@tecalliance.net"
"TecInvoiceQAReset04","TecInvoiceQAReset.FingerPrint@tecalliance.net"
"TecInvoiceQAReset05","TecInvoiceQAReset.FingerPrint.Sender@tecalliance.net"
"TecInvoiceQAReset06","TecInvoiceQAReset.FingerPrint.Receiver@tecalliance.net"
"TecInvoiceQAReset07","TecInvoiceQAReset.TransactionLogOption.OnError.Sender@tecalliance.net"
"TecInvoiceQAReset08","TecInvoiceQAReset.TransactionLogOption.OnError.Receiver@tecalliance.net"
"TecInvoiceQAReset09","TecInvoiceQAReset.TransactionLogOption.OnSuccess.Sender@tecalliance.net"
"TecInvoiceQAReset10","TecInvoiceQAReset.TransactionLogOption.OnSuccess.Receiver@tecalliance.net"
"TecInvoiceQAReset11","TecInvoiceQAReset.SendMailTask.User1.Sender@tecalliance.net"
"TecInvoiceQAReset12","TecInvoiceQAReset.SendMailTask.User1.Receiver@tecalliance.net"
"TecInvoiceQAReset13","TecInvoiceQAReset.SendMailTask.User1.Cc.Sender@tecalliance.net"
"TecInvoiceQAReset14","TecInvoiceQAReset.SendMailTask.User1.Cc.Receiver@tecalliance.net"
"TecInvoiceQAReset15","TecInvoiceQAReset.SendMailTask.User2.Sender@tecalliance.net"
"TecInvoiceQAReset16","TecInvoiceQAReset.SendMailTask.User2.Receiver@tecalliance.net"
"TecInvoiceQAReset17","TecInvoiceQAReset.SendMailTask.User2.Cc.Sender@tecalliance.net"
"TecInvoiceQAReset18","TecInvoiceQAReset.SendMailTask.User2.Cc.Receiver@tecalliance.net"
"TecInvoiceQAReset19","TecInvoiceQAReset.SendMailTask.User3.Sender@tecalliance.net"
"TecInvoiceQAReset20","TecInvoiceQAReset.SendMailTask.User3.Receiver@tecalliance.net"
"TecInvoiceQAReset21","TecInvoiceQAReset.SendMailTask.User3.Cc.Sender@tecalliance.net"
"TecInvoiceQAReset22","TecInvoiceQAReset.SendMailTask.User3.Cc.Receiver@tecalliance.net"
"TecInvoiceQAReset23","TecInvoiceQAReset.TransactionLogPlatform.OnSuccess.Sender@tecalliance.net"
"TecInvoiceQAReset24","TecInvoiceQAReset.TransactionLogPlatform.OnError.Sender@tecalliance.net"
"TecInvoiceQAReset25","TecInvoiceQAReset.DocumentDelivery.User1.Receiver@tecalliance.net"
"TecInvoiceQAReset26","TecInvoiceQAReset.DocumentDelivery.User1.Cc.Receiver@tecalliance.net"
"TecInvoiceQAReset27","TecInvoiceQAReset.DocumentDelivery.User2.Receiver@tecalliance.net"
"TecInvoiceQAReset28","TecInvoiceQAReset.DocumentDelivery.User2.Cc.Receiver@tecalliance.net"
"TecInvoiceQAReset29","TecInvoiceQAReset.DocumentDelivery.User3.Receiver@tecalliance.net"
"TecInvoiceQAReset30","TecInvoiceQAReset.DocumentDelivery.User3.Cc.Receiver@tecalliance.net"
"TecInvoiceQAReset31","TecInvoiceQAReset.DocumentDelivery.User1.Sender@tecalliance.net"
"TecInvoiceQAReset32","TecInvoiceQAReset.DocumentDelivery.User1.Cc.Sender@tecalliance.net"
"TecInvoiceQAReset33","TecInvoiceQAReset.DocumentDelivery.User2.Sender@tecalliance.net"
"TecInvoiceQAReset34","TecInvoiceQAReset.DocumentDelivery.User2.Cc.Sender@tecalliance.net"
"TecInvoiceQAReset35","TecInvoiceQAReset.DocumentDelivery.User3.Sender@tecalliance.net"
"TecInvoiceQAReset36","TecInvoiceQAReset.DocumentDelivery.User3.Cc.Sender@tecalliance.net"
"TecInvoiceQAReset37","TecInvoiceQAReset.AdditionalSenderProperties.Sender@tecalliance.net"
"tecinvoice-storage","tecinvoice-storage@tecalliance.net"
"TecPMA-Info","TecPMA-info@tecalliance.net"
"TecRMISupport","support.wkh@tecalliance.net"
"tecweb.feedback","tecweb.feedback@tecalliance.net"
"TecWeb50Autotest","TecWeb50_Autotest@tecalliance.net"
"TecWeb50Security","tecweb50qa-security1@tecalliance.net"
"tecweb-integration","TecWeb.IntegrationTest@tecalliance.net"
"tecwebtest1","TecWebTest1@tecalliance.net"
"TecWebTest2","TecWebTest2@tecalliance.net"
"TecWebTest3","TecWebTest3@tecalliance.net"
"TF","Timo.Froemberg@tecalliance.net"
"TFL","Thierry.Floureux@tecalliance.net"
"TGO","Tobias.Gohs@tecalliance.net"
"TH","Thomas.Huser@tecalliance.net"
"THE","Tobias.Heiber@tecalliance.net"
"THS","Thomas.Schulz@tecalliance.net"
"timetac","timetac@tecalliance.net"
"TInfo.Meeting","TelematicsInformation.Meeting@tecalliance.net"
"TKL","Thorsten.Klingert@tecalliance.net"
"TKU","Thorsten.Kunze@tecalliance.net"
"TL","thorsten.laages@tecalliance.net"
"tmphotline","tmphotline@tecalliance.net"
"tmphotline2","tmphotline2@tecalliance.net"
"tmphotline3","tmphotline3@tecalliance.net"
"tmphotline4","tmphotline4@tecalliance.net"
"TN","Timm.Niesslbeck@tecalliance.net"
"TNI","Thomas.Niedermeier@tecalliance.net"
"TPI","Tristan.Pierrot@tecalliance.net"
"tr","Thomas.Rassinger@tecalliance.net"
"traineenewsletter","Traineeblog@tecalliance.net"
"transformer","Transformer@tecalliance.net"
"Translation","Translation@tecalliance.net"
"transporter","transporter@tecalliance.net"
"travelmanagement","travelmanagement@tecalliance.net"
"TRE","torsten.reichard@tecalliance.net"
"TRH","Tareq-Rezaul.Haque@tecalliance.net"
"TRO","Tobias.Roth@tecalliance.net"
"TS","torsten.schmidt@tecalliance.net"
"TSC","Till.Schmidt@tecalliance.net"
"TSO","Tatjana.Sohns@tecalliance.net"
"TSTE","Tim.Steiner@tecalliance.net"
"TU","Thomas.Ullrich@tecalliance.net"
"TW","Thomas.Wagner@tecalliance.net"
"TWA","Thomas.Wattke@partners.tecalliance.net"
"TWE","thomas.wendt@tecalliance.net"
"TWEI","Tobias.Weidner@tecalliance.net"
"TWT","torsten.wetekam@tecalliance.net"
"TZ","tanja.zipperer@tecalliance.net"
"tze","Torsten.Zeuch@tecalliance.net"
"TZH","Tong.Zhu@tecalliance.net"
"UCW","Uwe.Cubas-Wiemer@tecalliance.net"
"UK","Ulrich.Keil@tecalliance.net"
"US","ursula.strickrodt@tecalliance.net"
"uwe","ulrike.wezel@tecalliance.net"
"VAV","Vesna.Avram@tecalliance.net"
"vehicle.reference","Vehicle.Reference@tecalliance.net"
"vendasbrasil","vendasbrasil@tecalliance.net"
"vendite","Vendite@tecalliance.net"
"Veranstaltungen","Veranstaltungen@tecalliance.net"
"VM","vitalijs.mitrofanovs@tecalliance.net"
"voicemail","voicemail@tecalliance.net"
"voicemail-zentrale","voicemail-zentrale@tecalliance.net"
"VRA","Vehab.Ramadani@tecalliance.net"
"VTI-Idea","VTI-Ideas@tecalliance.net"
"VU","valentina.unkhoff@tecalliance.net"
"WDI","Waldemar.Ditz@tecalliance.net"
"webcatalog","webcatalog@tecalliance.net"
"webcat-register","register@tecalliance.net"
"webservice-info","webservice-info@tecalliance.net"
"webshop","webshop@tecalliance.net"
"webshop-info","WEBSHOP-Info@tecalliance.net"
"WG","Waldemar.Gerter@tecalliance.net"
"WJ","Wim.Joossens@tecalliance.net"
"WKH_Kamera","WKH_Kamera@tecalliance.net"
"wkh_multivan","wkh_multivan@tecalliance.net"
"WKH_Navi","WKH_Navi@tecalliance.net"
"WKH_Weitblick","WKH_Weitblick@tecalliance.net"
"WKO","Werner.Kordmann@tecalliance.net"
"WL","Wilson.Li@tecalliance.net"
"workshop","Workshop@tecalliance.net"
"WW","Wilhelm.Wolf@tecalliance.net"
"WZ","Wei.Zhu@tecalliance.net"
"XTH","Xavier.Thiberge@tecalliance.net"
"YBE","Yasemin.Meric@tecalliance.net"
"YC","Yuliang.Cao@tecalliance.net"
"YD","Yehui.Ding@tecalliance.net"
"YKI","Yvonne.Kirchner@tecalliance.net"
"YL","Yuying.Liu@tecalliance.net"
"YLI","Yuan.Liu@tecalliance.net"
"YS","Yu.Shu@tecalliance.net"
"YW","yu.wang@tecalliance.net"
"YWA","Yikai.Wang@tecalliance.net"
"YZ","Yuhua.Zhang@tecalliance.net"
"ZZ","Zong.Zhao@tecalliance.net"
