NTFS Permission Set On -- T:\InformationMgmt_TecRMI\Electrical_Components 
Report Created As On Dienstag, 19. Oktober 2021 15:27:27
==================================================================
ItemType -- Folder 	 Owner -- O:S-1-5-21-3594631631-3660360167-542782670-1996 

"IdentityReference","FileSystemRights","AccessControlType","IsInherited","InheritanceFlags","PropagationFlags"
"Everyone","ReadAndExecute, Synchronize","Allow","False","None","None"
"TEC\ADM-SI","ReadAndExecute, Synchronize","Allow","False","None","None"
"TEC\ACC-FIL-R-Electrical_Components_WKH","ReadAndExecute, Synchronize","Allow","False","ContainerInherit, ObjectInherit","None"
"TEC\ACC-FIL-W-Electrical_Components_WKH","DeleteSubdirectoriesAndFiles, Modify, Synchronize","Allow","False","ContainerInherit, ObjectInherit","None"
"TEC\ACC-FIL-R-InformationMgmt_RMI_WKH","ReadAndExecute, Synchronize","Allow","False","ContainerInherit, ObjectInherit","None"
"TEC\ACC-FIL-F-TEC_Administrator","FullControl","Allow","False","ContainerInherit, ObjectInherit","None"
"TEC\ACC-FIL-R-InformationMgmt_RMI_Electrical_Components","ReadAndExecute, Synchronize","Allow","False","ContainerInherit, ObjectInherit","None"
"TEC\ACC-FIL-W-InformationMgmt_RMI_Electrical_Components","DeleteSubdirectoriesAndFiles, Modify, Synchronize","Allow","False","ContainerInherit, ObjectInherit","None"
"S-1-5-21-2509277860-2616604444-1461415162-513","ReadAndExecute, Synchronize","Allow","True","ContainerInherit, ObjectInherit","None"
"S-1-5-21-3594631631-3660360167-542782670-3863","ReadAndExecute, Synchronize","Allow","True","ContainerInherit","None"
"TEC\KDR","ReadAndExecute, Synchronize","Allow","True","ContainerInherit","None"
"TEC\ACC-FIL-W-InformationMgmt_RMI_Exchange_Lieferanten_WKH","ReadAndExecute, Synchronize","Allow","True","ContainerInherit","None"
"TEC\ACC-FIL-R-InformationMgmt_RMI_WKH","ReadAndExecute, Synchronize","Allow","True","ContainerInherit, ObjectInherit","None"
"TEC\ACC-FIL-F-TEC_Administrator","FullControl","Allow","True","ContainerInherit, ObjectInherit","None"
"TEC\ACC-FIL-W-InformationMgmt_RMI","Modify, Synchronize","Allow","True","ContainerInherit, ObjectInherit","None"
"TEC\ACC-FIL-W-Data_Source_Datenbeschaffung_WKH","ReadAndExecute, Synchronize","Allow","True","ContainerInherit","None"
"TEC\ACC-FIL-W-WKH_InformationMgmt_TecRMI","Write, ReadAndExecute, Synchronize","Allow","True","ContainerInherit, ObjectInherit","None"
