NTFS Permission Set On -- T:\InformationMgmt_TecRMI\Technical_Manuals 
Report Created As On Dienstag, 19. Oktober 2021 15:28:53
==================================================================
ItemType -- Folder 	 Owner -- BUILTIN\Administrators 

"IdentityReference","FileSystemRights","AccessControlType","IsInherited","InheritanceFlags","PropagationFlags"
"Everyone","ReadAndExecute, Synchronize","Allow","False","None","None"
"TEC\ACC-FIL-R-Technical_Manuals_WKH","ReadAndExecute, Synchronize","Allow","False","ContainerInherit, ObjectInherit","None"
"TEC\ACC-FIL-W-Technical_Manuals_WKH","DeleteSubdirectoriesAndFiles, Modify, Synchronize","Allow","False","ContainerInherit, ObjectInherit","None"
"S-1-5-21-2509277860-2616604444-1461415162-513","ReadAndExecute, Synchronize","Allow","True","ContainerInherit, ObjectInherit","None"
"S-1-5-21-3594631631-3660360167-542782670-3863","ReadAndExecute, Synchronize","Allow","True","ContainerInherit","None"
"TEC\KDR","ReadAndExecute, Synchronize","Allow","True","ContainerInherit","None"
"TEC\ACC-FIL-W-InformationMgmt_RMI_Exchange_Lieferanten_WKH","ReadAndExecute, Synchronize","Allow","True","ContainerInherit","None"
"TEC\ACC-FIL-R-InformationMgmt_RMI_WKH","ReadAndExecute, Synchronize","Allow","True","ContainerInherit, ObjectInherit","None"
"TEC\ACC-FIL-F-TEC_Administrator","FullControl","Allow","True","ContainerInherit, ObjectInherit","None"
"TEC\ACC-FIL-W-InformationMgmt_RMI","Modify, Synchronize","Allow","True","ContainerInherit, ObjectInherit","None"
"TEC\ACC-FIL-W-Data_Source_Datenbeschaffung_WKH","ReadAndExecute, Synchronize","Allow","True","ContainerInherit","None"
"TEC\ACC-FIL-W-WKH_InformationMgmt_TecRMI","Write, ReadAndExecute, Synchronize","Allow","True","ContainerInherit, ObjectInherit","None"
